Activity Sol,Location,Feature,Target Name,Target Type,Site,Drive,x,y,z,u,v,w,Image ID,i,j,Target Notes
13, Plains,First_Soil,First_Soil1_Final,Soil,3,9,0.406622,-0.859749,0.275765,0.095748,-0.031037,-0.994659,2F127436154FFL0309P1003L0M1,593,580,
17, Plains,Adirondack,Prospect,Rock,3,27,-3.12262,-0.991388,0.046595,0.808194,0.537922,-0.239715,2F127703379FFL0327P1214L0M1,537,454,
33, Plains,Adirondack,Blue,Rock,3,27,-3.08479,-0.864048,0.132294,0.579051,0.431888,-0.690718,2F127703379FFL0327P1214L0M1,486,491,
39, Plains,Areba,Sideslope2,Soil,4,0,0.880608,1.20065,0.257795,0.151436,-0.21452,-0.964999,2F129653855FFL0400P1210L0M1,590,451,
41, Plains,Arena,Trough,Soil,5,6,1.78825,1.01536,0.290601,0.02138,-0.379444,-0.924968,2F129914137FFL0506P1210L0M1,483,527,
41, Plains,Arena,Crest,Soil,5,6,1.59,1.06,0.28,,,,2F129914137FFL0506P1210L0M1,537,568,
42, Plains,Mimi_Shoe,Lace,Rock,5,14,0.911943,1.50831,0.175788,0.066129,-0.216737,-0.97402,2F130011182FFL0514P1210L0M1,569,549,
43, Plains,Mimi_Tracks,Tracks,Soil,5,14,0.80274,1.364785,0.215856,0.043237,-0.105595,-0.993472,2F130011182FFL0514P1210L0M1,610,629,
44, Plains,Ramp_Flats,Soil1,Soil,7,0,0.63,0.9,0.25,,,,2F130196049FFL0700P1210L0M1,562,531,
45, Plains,Angel_Flats,Halo_01,Soil,8,0,0.921294,0.499053,0.241808,-0.125484,0.057161,-0.990434,2F130277389FFL0800P1210L0M1,482,548,
46, Plains,Grande_Flats,Trout1,Soil,9,0,0.506612,0.938411,0.284358,0.115894,0.006593,-0.993387,2F130364765FFL0900P1210L0M1,498,534,
48, Plains,Road_Cut,Wall_MI_only1,Trench,9,167,0.373467,0.912738,0.307812,-0.29839,-0.755875,-0.582767,2F130537129FFL09BVR2500L0M1,516,510,
48, Plains,Road_Cut,Below_Wall_MI_only1,Trench,9,167,0.370025,0.904995,0.333372,-0.270591,-0.81841,-0.506936,2F130537129FFL09BVR2500L0M1,516,518,
48, Plains,Road_Cut,Floor3,Trench,9,167,0.166906,0.86915,0.36143,0.336823,0.182962,-0.923621,2F130537129FFL09BVR2500L0M1,582,553,
49, Plains,Road_Cut,Dividing_Line,Trench,9,167,0.198955,0.961894,0.311135,-0.12785,-0.897609,-0.421843,2F130537129FFL09BVR2500L0M1,581,516,
49, Plains,Road_Cut,Mason_Dixon,Trench,9,167,0.239242,0.954098,0.318543,-0.099636,-0.892896,-0.437387,2F130537129FFL09BVR2500L0M1,566,516,
49, Plains,Road_Cut,Wall3,Trench,9,167,0.449188,0.880324,0.309533,-0.306809,-0.791739,-0.526536,2F130537129FFL09BVR2500L0M1,487,511,
51, Plains,Split_Rock_Flats,Soil2,Soil,10,0,0.794082,0.569496,0.303451,0.163182,0.092263,-0.982273,2F130806861FFL1000P1210L0M1,506,561,
52, Plains,Sugar,SugarT1,Soil,11,0,0.765363,-0.580744,0.246688,-0.165992,0.058717,-0.984758,2F130897419FFL1100P1210L0M1,451,568,
54, Plains,Wrinkle,Ridge1,Soil,11,24,3.23,1.53,0.45,,,,2F131063369FFL1124P1214L0M1,603,545,
55, Plains,Humphrey,Heyworth,Rock,11,45,6.0712,5.84834,0.047795,0.077301,-0.916496,-0.392504,2F131168226FFL1145P1214L0M1,469,408,
55, Plains,Humphrey,Ashley,Rock,11,45,6.09038,5.8761,0.064142,0.071772,-0.917688,-0.390765,2F131168226FFL1145P1214L0M1,468,411,
57, Plains,Humphrey,Right_Ear,Rock,11,55,6.065,5.882,0.028,0.030001,-0.91602,-0.400009,2F131346078FFL1155P1234L0M1,456,393,
63, Plains,Plank,Nail4,Soil,13,0,0.920902,0.6216,0.214154,-0.429659,-0.024583,-0.902656,2F131871527FFL1300P1212L0M1,402,524,
65, Plains,Sugar_Loaf_Flats,Soil1,Soil,15,0,0.78,0.75,0.13,,,,2F132046391FFL1500P1210L0M1,469,566,
65, Plains,Sugar_Loaf_Flats,Escarpment1,Soil,15,0,0.78,0.72,0.13,,,,2F132046391FFL1500P1210L0M1,460,571,
68, Plains,Deserts,Gobi1,Soil,18,0,0.659831,0.791815,0.284468,-0.044658,-0.003587,-0.998901,2F132319564FFL1800P1212L0M1,447,545,
71, Plains,Deserts,Window,Soil,18,0,0.16839,0.820035,0.264035,0.4157,-0.031129,-0.908969,2F132319564FFL1800P1212L0M1,675,639,
73,"Plains, Serpent Ripple",Bear_Paw,Polar,Scuff,20,0,1.13551,0.489399,0.231605,-0.256049,0.105107,-0.961506,2F132759178FFL2000P1212L0M1,370,486,
73,"Plains, Serpent Ripple",Bear_Paw,Spectacle2,Scuff,20,0,1.06786,0.650799,0.261808,-0.494044,-0.19944,-0.846253,2F132759178FFL2000P1212L0M1,440,477,
73,"Plains, Serpent Ripple",Bear_Paw,Kodiak,Scuff,20,0,1.08922,0.547913,0.253439,-0.599693,0.127328,-0.790036,2F132759178FFL2000P1212L0M1,402,489,
73,"Plains, Serpent Ripple",Bear_Paw,Panda_New,Scuff,20,0,1.014,0.465,0.183,-0.491067,0.871119,0.002,2F132759178FFL2000P1212L0M1,372,498,
75,Bonneville Crater Rim,Patio,Soil2,Soil,21,0,-0.36920702,0.99905634,0.2420323,0.21447903,-0.08491606,-0.9730303,2F132941987FFL2100P1212L0M1,529,537,
76,Bonneville Crater Rim,Paperback,Appendix,Rock,22,0,-0.598188,1.0503,0.169474,-0.021833,-0.168493,-0.985919,2F133027454FFL2200P1212L0M1,576,489,
77,Bonneville Crater Rim,Mazatzal_Flats,Soil1,Soil,22,24,-4.2780704,5.5981455,-0.08663369,-0.24430165,-0.29235017,-0.92429745,2F133119442FFL2224P1214L0M1,435,492,
78,Bonneville Crater Rim,Mazatzal,Arizona,Rock,22,32,-4.3119,6.00727,-0.13567,0.262788,-0.234423,-0.935942,2F133207343FFL2232P1214L0M1,581,496,
78,Bonneville Crater Rim,Mazatzal,Illinois,Rock,22,32,-4.235866,6.064522,-0.170942,0.203894,-0.461366,-0.863463,2F133207343FFL2232P1214L0M1,549,494,
78,Bonneville Crater Rim,Mazatzal,New_York,Rock,22,32,-4.20333,6.15509,-0.168264,0.382724,-0.269262,-0.883123,2F133207343FFL2232P1214L0M1,514,491,
80,Bonneville Crater Rim,Mazatzal,Texas,Rock,22,32,-4.11599,6.19458,-0.149763,0.27985,-0.289826,-0.915251,2F133207343FFL2232P1214L0M1,483,508,
82,Bonneville Crater Rim,Mazatzal,Oregon,Rock,22,32,-4.30958,6.3646,-0.236806,0.333152,-0.34472,-0.877598,2F133207343FFL2232P1214L0M1,479,437,
83,Bonneville Crater Rim,Mazatzal,Brooklyn,Rock,22,32,-4.188,6.143,-0.182,0.345972,-0.261979,-0.900927,2F133207343FFL2232P1214L0M1,514,491,
85,Bonneville Crater Rim,Mazatzal,Hawaii,Rock,22,32,-4.10971,6.27191,-0.152688,0.222958,-0.079723,-0.971563,2F133207343FFL2232P1214L0M1,460,499,
86,Bonneville Crater Rim,Mazatzal,Missouri,Rock,22,32,-4.238916,6.346113,-0.232641,0.550661,-0.165709,-0.818116,2F133207343FFL2232P1214L0M1,468,449,
89,Bonneville Crater Rim,Snowboard,Shredder,Rock,24,0,-0.589925,1.00645,0.241834,0.335883,-0.084215,-0.938131,2F134182757FFL2400P1210L0M1,515,534,
89,Bonneville Crater Rim,TCHS,Rams,Rock,24,0,-0.520221,1.17758,0.219996,0.17825,-0.23823,-0.954711,2F134182757FFL2400P1210L0M1,468,506,
94,Bonneville Crater Rim,Route_66,Candidate7,Rock,27,0,-0.609,1.105,0.106,0.678694,0.15593,-0.717677,2F134614869FFL2700P1403L0M1,484,448,
99,Bonneville Crater Rim,Route_66,SoHo,Rock,27,0,-0.717,0.972,0.137,0.173961,-0.568871,-0.803818,2F134614869FFL2700P1403L0M1,547,469,
105,Plains,Bitterroot_Flats,Flats1,Soil,30,0,-0.595359,0.955215,0.258705,-0.057869,0.147936,-0.987742,2F135518768FFL3000P1212L0M1,537,520,
110,Plains,Waffle_Flats,Soil1,Soil,34,0,-0.5,0.91,0.22,,,,2F136049800FFL3400P1212L0M1,593,529,
113,Plains,Big_Hole,MayFly,Soil,37,0,-0.267348,1.0604,0.301774,0.120427,0.085085,-0.989203,2F136319165FFL3700P1212L0M1,473,528,
114,Plains,Big_Hole,RS2,Trench,37,182,-0.263526,0.790821,0.354738,0.137261,0.23181,-0.963028,2F136404231FFL37CAP1104L0M1,517,546,
114,Plains,Big_Hole,Stonefly,Trench,37,182,-0.208615,0.941676,0.303954,0.263251,-0.599162,-0.754841,2F136404231FFL37CAP1104L0M1,485,500,
114,Plains,Big_Hole,Brassie,Trench,37,182,-0.300222,0.922739,0.294271,0.458133,-0.408427,-0.789495,2F136404231FFL37CAP1104L0M1,518,498,
115,Plains,Big_Hole,Trico,Trench,37,182,-0.166379,0.815849,0.367297,0.197256,0.224015,-0.954572,2F136404231FFL37CAP1104L0M1,480,547,
122,Plains,Cutthroat,Owens,Scuff,42,4,0.650258,0.639034,0.337797,0.133626,0.046114,-0.98976,2F137115892FFL4204P1212L0M1,488,578,
126,Plains,Truckin_Flats,Accelerator,Soil,46,0,0.160532,1.20398,0.341583,-0.06097,0.200187,-0.978595,2F137470978FFL4600P1212L0M1,544,502,
135,Plains,Hillyer,Horse_Flats,Trench,54,0,0.588656,0.706589,0.331571,0.193163,-0.06835,-0.978826,2F138266628FFL5400P1210L0M1,530,581,
140,Plains,The_Boroughs,Mills_Basin,Trench,54,182,-1.08227,3.74897,0.364011,-0.286284,0.364708,-0.885709,2F138360777FFL54CAP1104L0M1,465,559,
140,Plains,The_Boroughs,Williamsburg,Trench,54,182,-1.22,3.90687,0.290808,0.010538,-0.761693,-0.647853,2F138360777FFL54CAP1104L0M1,518,504,
140,Plains,The_Boroughs,Mills3,Trench,54,182,-1.151,3.808,0.368,-0.024007,-0.053016,-0.998305,2F138360777FFL54CAP1104L0M1,492,545,
140,Plains,The_Boroughs,Hell's_Kitchen,Trench,54,182,-1.22129,3.89991,0.305308,-0.043739,-0.862435,-0.504275,2F138360777FFL54CAP1104L0M1,518,509,
141,Plains,The_Boroughs,Fordham,Trench,54,182,-1.14137,3.8795,0.334614,-0.077858,-0.75641,-0.649448,2F138360777FFL54CAP1104L0M1,490,519,
141,Plains,The_Boroughs,Kew_Gardens,Trench,54,182,-1.30127,3.89812,0.288893,0.177033,-0.813686,-0.553691,2F138360777FFL54CAP1104L0M1,547,508,
150,Plains,Mohave,Joshua,Rock,61,4,0.278974,0.933703,0.291057,-0.489161,-0.162613,-0.8569,2F139503539FFL6104P1212L0M1,551,551,
158,Plains,Red_Stripe,White_Stripe,Rock,68,0,-0.547698,1.14304,0.058289,0.289431,-0.855947,-0.428467,2F140212503FFL6800P1201L0M1,634,469,
158,Plains,Shredded,Dark4,Scuff,68,0,-0.092398,0.965519,0.154654,-0.079456,-0.03138,-0.996905,2F140212503FFL6800P1201L0M1,478,578,
160,"Columbia Hills, West Spur",End_of_the_Rainbow,Dante's_Peak,Rock,69,0,-0.935695,0.110755,0.178856,-0.146321,-0.225015,-0.96285,2F140490253FFL6900P1212L0M1,435,570,
161,"Columbia Hills, West Spur",End_of_the_Rainbow,Dante's_Peak2,Rock,69,0,-0.916432,0.118499,0.181223,0.260825,-0.225434,-0.938371,2F140490253FFL6900P1212L0M1,430,579,
162,"Columbia Hills, West Spur",End_of_the_Rainbow,Gold_Klumpen3,Rock,69,4,-0.908958,0.15662,0.192325,0.364447,-0.163769,-0.916711,2F140670863FFL6904P1214L0M1,533,590,
162,"Columbia Hills, West Spur",End_of_the_Rainbow,Gold_Klumpen5,Rock,69,4,-0.884488,0.179488,0.206657,0.551233,0.324953,-0.768471,2F140670863FFL6904P1214L0M1,520,602,
163,"Columbia Hills, West Spur",End_of_the_Rainbow,Gold_Klumpen2,Rock,69,4,-0.903966,0.1829,0.192095,0.50835,0.409279,-0.757675,2F140670863FFL6904P1214L0M1,520,590,
163,"Columbia Hills, West Spur",End_of_the_Rainbow,Gold_Klumpen4,Rock,69,4,-0.884488,0.179488,0.206657,0.551233,0.324953,-0.768471,2F140670863FFL6904P1214L0M1,520,602,
163,"Columbia Hills, West Spur",End_of_the_Rainbow,Gold_Klumpen7,Rock,69,4,-0.89354,0.181119,0.198475,0.490861,0.392817,-0.777656,2F140670863FFL6904P1214L0M1,520,596,
163,"Columbia Hills, West Spur",End_of_the_Rainbow,Gold_Klumpen1,Rock,69,4,-0.86,0.14,0.19,0.421148,-0.0917573,-0.902339,2F140670863FFL6904P1214L0M1,538,611,
164,"Columbia Hills, West Spur",End_of_the_Rainbow,Goldregen1,Rock,69,4,-0.861901,0.151845,0.215207,0.562556,0.106282,-0.819899,2F140670863FFL6904P1214L0M1,532,616,
164,"Columbia Hills, West Spur",End_of_the_Rainbow,Goldregen2,Rock,69,4,-0.881787,0.112281,0.209471,0.411661,-0.238431,-0.879594,2F140670863FFL6904P1214L0M1,553,609,
164,"Columbia Hills, West Spur",End_of_the_Rainbow,Goldfin1,Rock,69,4,-0.850253,0.031803,0.229558,0.489685,-0.365841,-0.790518,2F140670863FFL6904P1214L0M1,593,636,
166,"Columbia Hills, West Spur",Fort_Knox,GoldBar1,Soil,69,62,-1.31552,0.806859,-0.169994,-0.153415,-0.135523,-0.978517,2F141024103FFL6962P1212L0M1,465,673,
166,"Columbia Hills, West Spur",Fort_Knox,Goldstaub,Soil,69,62,-1.28749,1.06011,-0.161056,-0.104207,-0.011847,-0.994485,2F141024103FFL6962P1212L0M1,515,579,
167,"Columbia Hills, West Spur",Goldfinger,Jaws,Soil,69,80,-1.45772,3.08035,-0.607577,-0.02924,-0.312581,-0.949441,2F141111966FFL6980P1212L0M1,525,524,
170,"Columbia Hills, West Spur",Pot_of_Gold,Pot_of_Gold,Rock,69,104,-1.399,5.046,-1.002,0.475422,-0.220195,-0.851756,2F141279045FFL69A4P1229L0M1,532,583,
175,"Columbia Hills, West Spur",Breadbox,Wheat4,Rock,69,108,-1.469626,4.509947,-0.896738,-0.115944,-0.318204,-0.940905,2F142002973FFL69A8P1201L0M1,575,575,
175,"Columbia Hills, West Spur",Breadbox,Wheat1,Rock,69,108,-1.46,4.493,-0.884,-0.099997,-0.526983,-0.843973,2F142002973FFL69A8P1201L0M1,569,584,
175,"Columbia Hills, West Spur",Breadbox,Wheat2,Rock,69,108,-1.483,4.496,-0.891,-0.099997,-0.526983,-0.843973,2F142002973FFL69A8P1201L0M1,581,583,
175,"Columbia Hills, West Spur",Breadbox,Wheat3,Rock,69,108,-1.449,4.504,-0.9,0.243614,-0.523283,-0.816595,2F142002973FFL69A8P1201L0M1,565,574,
175,"Columbia Hills, West Spur",Breadbox,Sourdough,Rock,69,108,-1.47388,4.53382,-0.901988,-0.225002,-0.198457,-0.954294,2F142002973FFL69A8P1201L0M1,578,566,
177,"Columbia Hills, West Spur",String_of_Pearls,Pearl1,Rock,69,108,-1.456,4.597,-0.953,-0.293115,-0.210802,-0.932548,2F142002973FFL69A8P1201L0M1,575,530,
181,"Columbia Hills, West Spur",Cookie_Cutter,Shortbread,Soil,69,120,-2.164,3.645,-0.686,-0.001999,-0.3279,-0.94471,2F142180679FFL69AKP1212L0M1,630,532,
191,"Columbia Hills, West Spur",Loofah,Jerry,Rock,73,0,-0.846,0.548,0.101,-0.328071,-0.353076,-0.876189,2F143240392FFL7300P1212L0M1,406,547,
193,"Columbia Hills, West Spur",Wooly_Patch,Mammoth4,Rock,75,0,0.762,-0.788,0.408,0.040004,-0.11901,-0.992087,2F143419112FFL7500P1212L0M1,487,522,
194,"Columbia Hills, West Spur",Wooly_Patch,Sabre,Rock,76,0,-0.829925,0.111958,0.236015,-0.104374,-0.230069,-0.967633,2F143512069FFL7600P1214L0M1,490,634,
197,"Columbia Hills, West Spur",Wooly_Patch,Mastodon,Rock,76,0,-0.723925,0.080322,0.235546,-0.063282,-0.243381,-0.968114,2F143512069FFL7600P1214L0M1,506,696,
212,"Columbia Hills, West Spur",Clovis,Cochiti,Rock,85,0,0.777005,0.085412,0.359727,0.393833,-0.281436,-0.874701,2F145016154FFL8500P1214L0M1,554,623,
212,"Columbia Hills, West Spur",Clovis,Jemez,Rock,85,0,0.76,0.08,0.35,,,,2F145016154FFL8500P1214L0M1,554,631,
212,"Columbia Hills, West Spur",Clovis,Plano,Rock,85,0,0.608174,0.21481,0.273488,0.309935,-0.436945,-0.844405,2F145016154FFL8500P1214L0M1,673,758,
227,"Columbia Hills, West Spur",Frio,Kilarney_Flats,Soil,85,42,0.938879,3.48615,-0.328947,0.121198,0.10677,-0.98687,2F146436717FFL8542P1210L0M1,454,556,
228,"Columbia Hills, West Spur",Ebenezer,Scrooge,Rock,86,0,-0.874187,0.652623,-0.079957,0.377918,-0.132536,-0.916728,2F146526791FFL8600P1214L0M1,491,545,
228,"Columbia Hills, West Spur",Ebenezer,Cratchit2,Rock,86,0,-0.987,0.626,-0.127,0.308125,-0.335136,-0.890361,2F146526791FFL8600P1214L0M1,522,514,
228,"Columbia Hills, West Spur",Ebenezer,Tiny_Tim,Rock,86,0,-0.963171,0.680967,-0.139427,0.449003,-0.183058,-0.875026,2F146526791FFL8600P1214L0M1,500,510,
229,"Columbia Hills, West Spur",Ebenezer,Marley,Rock,86,0,-0.860215,0.673134,-0.0821,0.272281,-0.204366,-0.940339,2F146526791FFL8600P1214L0M1,481,545,
229,"Columbia Hills, West Spur",Ebenezer,Fezziwig,Rock,86,0,-1.0191,0.513993,-0.079727,0.149885,-0.708001,-0.690122,2F146526791FFL8600P1214L0M1,566,532,
229,"Columbia Hills, West Spur",Ebenezer,Cratchit,Rock,86,0,-0.99273,0.645534,-0.133715,0.313585,-0.340574,-0.88722,2F146526791FFL8600P1214L0M1,517,510,
235,"Columbia Hills, West Spur",Ebenezer,Fritz,Rock,86,0,-0.95647,0.59405,-0.09726,0.361736,-0.323063,-0.874516,2F146526791FFL8600P1214L0M1,527,530,
236,"Columbia Hills, West Spur",West Spur,Swiveller,Rock,86,0,-0.935,0.573,-0.075,0.299146,-0.358175,-0.884433,2F146526791FFL8600P1214L0M1,531,543,
240,"Columbia Hills, West Spur",Tikal,Green_Eyes,Rock,88,0,0.185,0.636,0.327,0.147064,0.164071,-0.975424,2F147590621FFL8800P1214L0M1,627,721,
259,"Columbia Hills, West Spur",Conjunction_Junction,Disturbance,Rock,88,0,0.191,0.64,0.331,0.258881,0.118945,-0.958558,2F147590621FFL8800P1214L0M1,623,715,
266,"Columbia Hills, West Spur",Temples,Dwarf,Rock,89,0,-0.787,0.679,0.035,-0.197052,-0.294078,-0.935248,2F149894981FFL8900P1214L0M1,507,550,
270,"Columbia Hills, West Spur",Temples,Dwarf_Edge2,Rock,89,0,-0.774,0.602,0.039,-0.031004,-0.649077,-0.76009,2F149894981FFL8900P1214L0M1,531,567,
272,"Columbia Hills, West Spur",Tetl,MI1,Rock,89,53,-1.67928,0.78533,-0.04653,-0.201721,-0.448711,-0.870613,2F150427991FFL8953P1214L0M1,507,658,
273,"Columbia Hills, West Spur",Tetl,Thin_Layer,Rock,89,53,-1.609,0.734,-0.032,-0.172222,-0.541,-0.8232,2F150427991FFL8953P1214L0M1,558,668,
275,"Columbia Hills, West Spur",Tetl,Clump,Rock,89,53,-1.76222,0.80515,-0.04234,-0.37329,-0.535404,-0.757626,2F150427991FFL8953P1214L0M1,472,635,
276,"Columbia Hills, West Spur",Tetl,Squeeze,Rock,89,53,-1.634,0.755,-0.04,-0.20207,-0.449156,-0.870302,2F150427991FFL8953P1214L0M1,538,665,
276,"Columbia Hills, West Spur",Tetl,Edge,Rock,89,53,-1.557,0.731,-0.033,0.183364,-0.585403,-0.789735,2F150427991FFL8953P1214L0M1,585,691,
279,"Columbia Hills, West Spur",Take_a_Break,Coffee,Scuff,89,82,0.159341,1.46812,0.085852,-0.028745,-0.196506,-0.979751,2F150959400FFL8982P1201L0M1,532,506,
283,"Columbia Hills, West Spur",Uchben,Koolik2,Rock,89,87,3.692,3.275,-0.001,0.20607,0.020007,-0.978333,2F151318180FFL8987P1214L0M1,502,611,
284,"Columbia Hills, West Spur",Uchben,Koolik,Rock,89,87,3.59253,3.2805,0.002166,0.277986,-0.040578,-0.959728,2F151318180FFL8987P1214L0M1,476,577,
290,"Columbia Hills, West Spur",Uchben,Chiikbes,Rock,89,87,3.876,3.304,0.027,0.153021,-0.013002,-0.988137,2F151318180FFL8987P1214L0M1,555,733,
292,"Columbia Hills, West Spur",Uchben,Fine,Rock,89,87,3.62274,3.15041,0.078782,-0.329742,-0.443281,-0.83353,2F151318180FFL8987P1214L0M1,541,576,
297,"Columbia Hills, West Spur",Lutefisk,Pickled,Rock,89,115,4.67094,1.61382,0.297022,0.355403,-0.351781,-0.86522,2F152650272FFL89AFP1214L0M1,593,637,
298,"Columbia Hills, West Spur",Lutefisk,Flatfish,Rock,89,118,4.49087,1.11581,0.290302,0.071488,0.12533,-0.988602,2F152740202FFL89AIP1214L0M1,499,531,
298,"Columbia Hills, West Spur",Lutefisk,Twins,Rock,89,118,4.53141,1.13927,0.291477,0.211901,0.01806,-0.976258,2F152740202FFL89AIP1214L0M1,517,543,
298,"Columbia Hills, West Spur",Lutefisk,Fish_Eyes,Rock,89,118,4.6205,1.1512,0.313386,0.461368,-0.115136,-0.879225,2F152740202FFL89AIP1214L0M1,563,559,
298,"Columbia Hills, West Spur",Lutefisk,Rat_Roe,Rock,89,118,4.681,1.202,0.335,0.497082,-0.052009,-0.866143,2F152740202FFL89AIP1214L0M1,594,592,
299,"Columbia Hills, West Spur",Lutefisk,Rat_Fish,Rock,89,118,4.491,1.116,0.29,0.058972,0.158924,-0.985528,2F152740202FFL89AIP1214L0M1,499,531,
314,"Columbia Hills, West Spur",Yams,Tofurkey,Scuff,93,0,0.375936,0.742614,0.247477,0.066548,-0.033303,-0.99711,2F154158695FFL9300P1214L0M1,467,625,
333,"Columbia Hills, Husband Hill",Wishstone,Chisel,Rock,99,46,-0.716,1.724,-0.231,0.515,-0.657,-0.548,2F155843366FFL9946P1214L0M1,461,491,
341,"Columbia Hills, Husband Hill",Penny,DS1,Scuff,102,1,-0.17116,1.10338,0.08203,0.1757,-0.055746,-0.982864,2F156560325FFLA201P1214L0M1,537,524,
348,"Columbia Hills, Husband Hill",Wishing_Well,Dreaming,Rock,102,25,0.283396,0.547052,0.172442,0.438655,-0.880617,-0.179149,2F157091919FFLA225P1214L0M1,671,544,
352,"Columbia Hills, Husband Hill",Champagne,Bubbles,Rock,102,69,-0.731,-1.772,0.311,-0.320236,0.473348,-0.820604,2F157532249FFLA269P1214L0M1,370,635,
352,"Columbia Hills, Husband Hill",Champagne,Reachable_Lip,Rock,102,69,-0.744,-1.831,0.284,-0.299146,0.24412,-0.922452,2F157532249FFLA269P1214L0M1,381,655,
372,"Columbia Hills, Husband Hill",Peace,Peace,Rock,102,377,-2.4375,48.2234,-7.2323,0.583637,0.305519,-0.752347,2F159303301FFLA2HPP1214L0M1,640,525,
373,"Columbia Hills, Husband Hill",Peace,Equality,Rock,102,377,-1.97414,48.20042,-7.14192,0.523807,-0.085768,-0.847508,2F159303301FFLA2HPP1214L0M1,478,613,
373,"Columbia Hills, Husband Hill",Peace,Equality3,Rock,102,377,-1.983,48.148,-7.138,0.406392,-0.001949,-0.913697,2F159303301FFLA2HPP1214L0M1,497,636,
373,"Columbia Hills, Husband Hill",Peace,RAT_Justice,Rock,102,377,-1.95335,48.0668,-7.10398,0.500626,-0.506485,-0.70203,2F159303301FFLA2HPP1214L0M1,504,701,
380,"Columbia Hills, Husband Hill",Peace,RAT_Tailings,Rock,102,377,-1.976146,48.070004,-7.122036,0.545307,-0.498285,-0.674055,2F159303301FFLA2HPP1214L0M1,518,685,
380,"Columbia Hills, Husband Hill",Peace,Selma,Rock,102,377,-2.100741,47.97983,-7.161827,0.734278,-0.491421,-0.468337,2F159303301FFLA2HPP1214L0M1,630,686,
380,"Columbia Hills, Husband Hill",Alligator,Jambalaya,Rock,102,377,-10.6971,59.5506,-10.9571,0.51155,-0.201177,-0.835371,2F159303301FFLA2HPP1214L0M1,555,281,
399,"Columbia Hills, Husband Hill",Pasadena,Marengo,Rock,105,0,0.692,-0.641,0.534,-0.016002,-0.038006,-0.999149,2F161702013FFLA500P1212L0M1,641,523,
400,"Columbia Hills, Husband Hill",Pasadena,Paso_Robles,Scuff,106,0,0.882,-0.436,0.477,0.150997,-0.168997,-0.973981,2F161793505FFLA600P1212L0M1,544,496,
415,"Columbia Hills, Husband Hill",Watchtower,Joker,Rock,108,8,0.115,1.883,-0.332,0.525221,-0.671115,-0.523208,2F163122911FFLA808P1214L0M1,566,479,
426,"Columbia Hills, Husband Hill",Paso_Robles2,Paso_Dark1,Scuff,108,139,13.6623,-18.89116,4.36131,0.237681,-0.143101,-0.960744,2F164010533FFLA8B3P1214L0M1,470,543,
426,"Columbia Hills, Husband Hill",Paso_Robles2,Big_Clod,Scuff,108,139,13.843386,-18.774206,4.354095,0.448428,-0.252784,-0.857328,2F164010533FFLA8B3P1214L0M1,490,622,
426,"Columbia Hills, Husband Hill",Paso_Robles2,Bitty_Clod,Scuff,108,139,13.815363,-18.739012,4.358888,0.253772,0.126617,-0.95894,2F164010533FFLA8B3P1214L0M1,467,631,
427,"Columbia Hills, Husband Hill",Paso_Robles2,Paso_Light1,Scuff,108,139,13.79683,-18.79266,4.35297,0.15949,-0.60241,-0.78209,2F164010533FFLA8B3P1214L0M1,479,601,
429,"Columbia Hills, Husband Hill",Paso_Robles2,Ben's_Clod,Scuff,108,139,13.749,-19.102,4.401,0.301949,-0.242959,-0.921845,2F164010533FFLA8B3P1214L0M1,554,507,
430,"Columbia Hills, Husband Hill",Paso_Robles2,Cruther_Vines,Scuff,108,139,13.73,-18.82,4.38,,,,2F164010533FFLA8B3P1214L0M1,471,582,
431,"Columbia Hills, Husband Hill",Paso_Robles2,Castoro,Scuff,108,139,13.7919,-19.1261,4.42614,0.203087,-0.278977,-0.938836,2F164010533FFLA8B3P1214L0M1,575,512,
457,"Columbia Hills, Husband Hill",Crumble,Sierra,Soil,109,284,-6.73,-11.421,-0.822,0.231086,0.143053,-0.962359,2F166855486FFLA9F4P1214L0M1,524,644,
457,"Columbia Hills, Husband Hill",Crumble,Scuff2,Scuff,109,284,-6.87575,-11.80464,-0.88985,0.470039,-0.136211,-0.872072,2F166855486FFLA9F4P1214L0M1,558,491,
457,"Columbia Hills, Husband Hill",Crumble,Almonds,Soil,109,284,-7.16606,-11.7657,-1.00802,0.303451,0.134491,-0.942319,2F166855486FFLA9F4P1214L0M1,462,446,
460,"Columbia Hills, Husband Hill",Crumble,Cashew,Soil,109,284,-7.05938,-11.7292,-0.95838,0.444244,0.033983,-0.895261,2F166855486FFLA9F4P1214L0M1,484,471,
469,"Columbia Hills, Husband Hill",Methuselah,Keystone,Rock,109,392,5.54679,-8.81564,-0.470805,0.044405,-0.175232,-0.983531,2F167823842FFLA9I4P1214L0M1,501,457,
470,"Columbia Hills, Husband Hill",Methuselah,Haunch,Rock,109,392,5.45062,-8.9562,-0.41477,-0.285718,-0.546746,-0.787042,2F167823842FFLA9I4P1214L0M1,480,504,
475,"Columbia Hills, Husband Hill",Pennsylvania,Pittsburg,Rock,109,392,5.87093,-9.5139,-0.274614,-0.180557,-0.392505,-0.901853,2F167823842FFLA9I4P1214L0M1,145,518,
477,"Columbia Hills, Husband Hill",Jibsheet,Hoof,Soil,110,112,-4.48344,7.06083,0.17691,-0.044666,0.107509,-0.9932,2F168629285FFLAAACP1214L0M1,532,676,
477,"Columbia Hills, Husband Hill",Jibsheet,Bell,Soil,110,112,-4.6085,7.08515,0.175456,0.067874,-0.0279,-0.997068,2F168629285FFLAAACP1214L0M1,516,603,
481,"Columbia Hills, Husband Hill",Jibsheet,Reef,Rock,110,138,-1.739,4.863,-0.306,-0.647871,0.417917,-0.636874,2F168980520FFLAAB2P1214L0M1,578,471,
484,"Columbia Hills, Husband Hill",Jibsheet,Davis,Rock,110,138,-1.68758,4.64987,-0.43295,-0.446085,0.12863,-0.885699,2F168980520FFLAAB2P1214L0M1,513,406,
491,"Columbia Hills, Husband Hill",Larry's_Lookout,Paros,Rock,110,258,9.1,24.254,0.463,-0.881202,0.258059,-0.396091,2F169865924FFLAAEEP1214L0M1,516,430,
494,"Columbia Hills, Husband Hill",Larry's_Lookout,Hitting,Soil,110,258,9.07772,24.2831,0.520896,-0.561576,0.405564,-0.721215,2F169865924FFLAAEEP1214L0M1,529,457,
494,"Columbia Hills, Husband Hill",Larry's_Lookout,Wall_Street,Soil,110,258,9.21775,24.576,0.541925,-0.451433,0.270877,-0.849044,2F169865924FFLAAEEP1214L0M1,667,442,
495,"Columbia Hills, Husband Hill",Pequod,Ahab,Rock,110,306,8.132,21.685,0.316,-0.466744,0.268852,-0.842537,2F170226570FFLAAFQP1214L0M1,479,482,
499,"Columbia Hills, Husband Hill",Pequod,Doubloon,Soil,110,306,8.14071,21.88157,0.37428,-0.270537,0.104409,-0.957031,2F170226570FFLAAFQP1214L0M1,541,518,
499,"Columbia Hills, Husband Hill",Pequod,Moby_Dick,Rock,110,306,8.352,21.992,0.301,-0.281,0.212,-0.936,2F170226570FFLAAFQP1214L0M1,620,476,
503,"Columbia Hills, Husband Hill",Pequod,Starbuck,Rock,110,306,7.856,22.006,0.375,-0.390995,0.690991,-0.607992,2F170226570FFLAAFQP1214L0M1,509,612,
503,"Columbia Hills, Husband Hill",Pequod,Nantucket,Rock,110,306,7.752,21.991,0.383,-0.321066,0.352073,-0.879182,2F170226570FFLAAFQP1214L0M1,452,659,
509,"Columbia Hills, Husband Hill",Backstay,Scuppers,Rock,110,436,-6.852,4.192,-0.327,0.400152,0.76529,-0.504191,2F171461316FFLAAJCP1214L0M1,524,482,
512,"Columbia Hills, Husband Hill",Backstay,Scurvy,Rock,110,436,-6.80972,4.1914,-0.27912,0.605741,0.731751,-0.31244,2F171461316FFLAAJCP1214L0M1,540,503,
529,"Columbia Hills, Husband Hill",Independence,Franklin,Rock,112,126,-13.983,9.515,-2.823,0.143118,0.042035,-0.988813,2F173241317FFLACAQP1214L0M1,524,560,
532,"Columbia Hills, Husband Hill",Independence,Chase,Rock,112,126,-13.933,9.499,-2.832,-0.214097,-0.068031,-0.974441,2F173241317FFLACAQP1214L0M1,540,573,
532,"Columbia Hills, Husband Hill",Independence,Jefferson,Rock,112,126,-13.7,9.456,-2.833,0.076027,-0.146052,-0.986351,2F173241317FFLACAQP1214L0M1,637,691,
533,"Columbia Hills, Husband Hill",Independence,Livingston,Rock,112,126,-14.012,9.582,-2.831,0.090043,-0.070033,-0.993473,2F173241317FFLACAQP1214L0M1,489,558,
538,"Columbia Hills, Husband Hill",Independence,Penn2,Rock,112,145,-13.915,9.507,-2.826,-0.004002,-0.035013,-0.999379,2F173951519FFLACB9P1214L0M1,509,566,
552,"Columbia Hills, Husband Hill",Descartes,Discourse,Rock,113,56,-4.963,8.33,-0.999,0.082971,-0.397863,-0.913685,2F175281598FFLAD56P1214L0M1,544,502,
556,"Columbia Hills, Husband Hill",Descartes,Petitechou,Rock,113,56,-4.978,8.222,-0.955,0.197991,-0.20299,-0.958955,2F175281598FFLAD56P1214L0M1,578,529,
556,"Columbia Hills, Husband Hill",Descartes,Moncheri,Rock,113,56,-4.916,8.155,-0.931,0.467998,-0.864996,-0.180999,2F175281598FFLAD56P1214L0M1,577,563,
557,"Columbia Hills, Husband Hill",Bourgeoisie,Gallant,Rock,113,80,-3.757,8.915,-1.278,-0.06604,-0.719433,-0.691416,2F175728638FFLAD80P1214L0M1,549,525,
557,"Columbia Hills, Husband Hill",Bourgeoisie,Gentil,Rock,113,80,-3.593,8.884,-1.307,-0.350044,-0.605076,-0.715089,2F175728638FFLAD80P1214L0M1,479,514,
557,"Columbia Hills, Husband Hill",Bourgeoisie,Chic,Rock,113,80,-3.564,8.829,-1.307,-0.375981,-0.622969,-0.685965,2F175728638FFLAD80P1214L0M1,458,523,
560,"Columbia Hills, Husband Hill",Bourgeoisie,Matrice,Rock,113,80,-3.60674,8.89558,-1.31069,-0.273899,-0.64075,-0.71723,2F175728638FFLAD80P1214L0M1,486,511,
563,"Columbia Hills, Husband Hill",Haussmann,Rue_Legendre,Rock,113,92,-4.187,9.002,-1.247,-0.15503,-0.206039,-0.966185,2F176268749FFLAD92P1214L0M1,584,499,
563,"Columbia Hills, Husband Hill",Haussmann,Sophie_Germain,Rock,113,92,-4.204,8.896,-1.213,-0.220039,-0.565099,-0.795139,2F176268749FFLAD92P1214L0M1,599,529,
563,"Columbia Hills, Husband Hill",Haussmann,Rue_Laplace,Rock,113,92,-4.113,8.876,-1.232,-0.132013,-0.656063,-0.743071,2F176268749FFLAD92P1214L0M1,561,528,
566,"Columbia Hills, Husband Hill",Assemblee,Gruyere,Rock,113,114,-3.77,10.99,-1.81,-0.495321,-0.822052,-0.280871,2F176524305FFLADAEP1214L0M1,551,518,
584,"Columbia Hills, Husband Hill",Lambert,Whymper,Soil,114,3,0.679,-0.792,0.226,0.049016,-0.122039,-0.991314,2F178118550FFLAE03P1214L0M1,537,558,
588,"Columbia Hills, Husband Hill",Lambert,Hermann_Buhl,Soil,114,3,0.48893,-0.92997,0.23299,-0.10778,0.05265,-0.99278,2F178118550FFLAE03P1214L0M1,441,562,
588,"Columbia Hills, Husband Hill",Lambert,Couzy,Soil,114,3,0.50239,-0.83563,0.23072,-0.10816,0.076633,-0.991176,2F178118550FFLAE03P1214L0M1,466,583,
600,"Columbia Hills, Husband Hill",Irvine,Shrewsbury,Rock,114,333,-17.32277,5.26089,1.74821,-0.5915,0.33346,-0.73412,2F179546139FFLAEGHP1214L0M1,560,542,
607,"Columbia Hills, Husband Hill",Cliffhanger,Hang_Two,Soil,114,541,8.76256,14.1279,-0.517365,0.298334,-0.217157,-0.930005,2F180078494FFLAEM9P1214L0M1,447,716,
607,"Columbia Hills, Husband Hill",Cliffhanger,Tubular,Soil,114,541,9.124,14.043,-0.415,0.247958,-0.17497,-0.952839,2F180078494FFLAEM9P1214L0M1,571,584,
607,"Columbia Hills, Husband Hill",Cliffhanger,Land's_End,Scuff,114,541,9.05482,13.8364,-0.378882,0.253628,-0.033604,-0.966718,2F180078494FFLAEM9P1214L0M1,494,561,
628,"Columbia Hills, Husband Hill",Hillary,Khumjung,Rock,114,880,28.422,25.181,-0.841,-0.679369,-0.195106,-0.707384,2F181940831FFLAEVOP1214L0M1,375,472,
631,"Columbia Hills, Husband Hill",Hillary,Namche_Bazaar,Rock,114,880,28.37,25.367,-0.895,-0.827087,-0.556059,-0.082009,2F181940831FFLAEVOP1214L0M1,436,434,
634,"Columbia Hills, Husband Hill",Hillary,Thame,Rock,114,880,28.119,25.416,-0.648,-0.799223,-0.196055,-0.568159,2F181940831FFLAEVOP1214L0M1,533,507,
644,"Columbia Hills, Husband Hill",Kansas,Kestrel,Rock,118,38,4.9,4.05,0.94,-0.075,0.142,-0.987,2F183359825FFLAI38P1214L0M1,424,490,
660,"Columbia Hills, Husband Hill",Larry's_Bench,Thrasher,Rock,119,137,-15.904,-0.888,-0.225,-0.291008,-0.084002,-0.953026,2F184873615FFLAJB1P1214L0M1,531,623,
672,"Columbia Hills, Husband Hill",Seminole,Osceola,Rock,119,707,-102.253,17.7376,8.52269,-0.140973,0.100465,-0.985294,2F185937207FFLAJQVP1214L0M1,550,514,
675,"Columbia Hills, Husband Hill",Seminole,Abiaka,Rock,119,707,-102.649,17.822,8.633,-0.165002,0.135001,-0.97701,2F185937207FFLAJQVP1214L0M1,440,666,
687,"Columbia Hills, Husband Hill",Algonquin,Iroquet,Rock,119,962,-162.544,17.334,15.508,-0.161012,0.237017,-0.95807,2F187181980FFLAJXYP1214L0M1,467,644,
698,"Columbia Hills, Husband Hill",Comanche_Spur,Horseback,Rock,120,295,-51.98,-54.639,2.917,-0.200026,0.635082,-0.746097,2F188244330FFLAKFFP1205L0M1,559,478,
700,"Columbia Hills, Husband Hill",Comanche_Spur,Palomino,Rock,120,295,-51.917,-54.468,3.027,-0.4382,0.397181,-0.806367,2F188244330FFLAKFFP1205L0M1,584,589,
703,"Columbia Hills, Husband Hill",Comanche_Spur,Fins2,Rock,120,295,-52.548,-54.675,3.035,-0.091962,0.477803,-0.87364,2F188244330FFLAKFFP1205L0M1,299,475,
703,"Columbia Hills, Husband Hill",Comanche_Spur,Fins3,Rock,120,295,-52.491,-54.647,3.034,0.055027,0.648321,-0.759376,2F188244330FFLAKFFP1205L0M1,315,484,
707,"Columbia Hills, Inner Basin",El_Dorado_Scuff,Gallant_Knight,Scuff,121,0,0.874,-0.972,0,-0.412092,0.147033,-0.899201,2F189046270FFLAL00P1214L0M1,591,471,
707,"Columbia Hills, Inner Basin",El_Dorado_Scuff,Shadow,Scuff,121,0,0.442,-0.653,0.093,-0.215929,0.095969,-0.971681,2F189046270FFLAL00P1214L0M1,532,647,
710,"Columbia Hills, Inner Basin",El_Dorado_Scuff,Edgar,Scuff,121,0,0.737,-0.938,0.057,-0.139989,-0.172987,-0.974925,2F189046270FFLAL00P1214L0M1,559,502,
723,"Columbia Hills, Inner Basin",Arad,Samra,Scuff,122,297,-29.3854,-17.5688,-0.20533,-0.565022,0.140686,-0.812993,2F190376918FFLAMFHP1214L0M1,563,550,
724,"Columbia Hills, Inner Basin",Arad,Zoar,Scuff,122,297,-29.4278,-17.597,-0.173764,-0.325433,-0.062367,-0.944249,2F190376918FFLAMFHP1214L0M1,545,542,
724,"Columbia Hills, Inner Basin",Arad,Hula,Scuff,122,297,-29.5438,-17.2773,-0.154822,-0.585695,-0.103924,-0.803842,2F190376918FFLAMFHP1214L0M1,396,644,
726,"Columbia Hills, Inner Basin",Masada,Masada_Clod,Rock,122,297,-29.5312,-17.554,-0.185748,-0.143734,0.259501,-0.954987,2F190376918FFLAMFHP1214L0M1,495,530,
736,"Columbia Hills, Inner Basin",Buzhou,Gong_Zhou,Rock,123,366,-95.887,-14.7,1.261,-0.446012,-0.590016,-0.673019,2F191621127SFLANHEP1243L0M1,148,36,
747,"Columbia Hills, Inner Basin",Barnhill,Pitcher,Rock,124,55,-7.363,6.617,-1.585,0.335961,-0.405953,-0.849901,2F192597609FFLAO55P1206L0M1,531,538,
747,"Columbia Hills, Inner Basin",Barnhill,Ace,Rock,124,55,-7.492,6.598,-1.606,0.24896,-0.331946,-0.909852,2F192597609FFLAO55P1206L0M1,573,518,
750,"Columbia Hills, Inner Basin",Barnhill,Fastball,Rock,124,55,-7.181,6.57,-1.526,0.623063,-0.558057,-0.548056,2F192597609FFLAO55P1206L0M1,479,599,
753,"Columbia Hills, Inner Basin",Posey,Snout,Rock,124,100,-5.67553,6.06662,-1.14671,0.708744,-0.662878,-0.242496,2F193038085FFLAOA0P1214L0M1,435,510,
753,"Columbia Hills, Inner Basin",Posey,Manager,Rock,124,100,-5.792,6.104,-1.02,0.182995,-0.479987,-0.857977,2F193038085FFLAOA0P1214L0M1,490,537,
761,"Columbia Hills, Home Plate Area",James_Cool_Papa_Bell,Monarchs,Rock,124,234,-12.211,9.566,-3.065,-0.039003,-0.091008,-0.995086,2F193748304FFLAODQP1214L0M1,563,706,
761,"Columbia Hills, Home Plate Area",James_Cool_Papa_Bell,Stars,Rock,124,234,-12.4711,9.25315,-3.06533,-0.045935,-0.00418,-0.997964,2F193748304FFLAODQP1214L0M1,489,539,
763,"Columbia Hills, Home Plate Area",James_Cool_Papa_Bell,Crawfords,Rock,124,234,-12.1456,9.11342,-3.05061,0.069678,-0.016299,-0.997794,2F193748304FFLAODQP1214L0M1,624,537,
769,"Columbia Hills, Home Plate Area",Home_Plate,Fuzzy_Smith,Rock,125,148,-16.479,28.344,-3.614,0.160943,-0.832704,-0.529812,2F194547785FFLAPBCP1214L0M1,485,497,
809,"Columbia Hills, Home Plate Area",Enderbyland,Halley,Rock,127,0,0.25,1.084,0.333,0.218956,-0.09798,-0.970803,2F198091609FFLAR00P1274L0M1,429,524,
812,"Columbia Hills, Home Plate Area",Enderbyland,Mawson,Soil,127,0,0.071,0.751,0.305,0.185902,-0.012993,-0.982482,2F198091609FFLAR00P1274L0M1,481,665,
822,"Columbia Hills, Home Plate Area",Enderbyland,Progress,Soil,127,0,-0.0951,0.9905,0.3006,0.055199,-0.196298,-0.978989,2F198091609FFLAR00P1274L0M1,565,566,
832,"Columbia Hills, Home Plate Area",Enderbyland,Halley_Offset,Rock,127,0,0.238,1.07,0.33,0.218046,-0.09602,-0.971203,2F198091609FFLAR00P1274L0M1,432,528,
833,"Columbia Hills, Home Plate Area",Enderbyland,Halley_Center,Rock,127,0,0.245354,1.07717,0.332522,0.23458,-0.06808,-0.969746,2F198091609FFLAR00P1274L0M1,430,526,
842,"Columbia Hills, Home Plate Area",Enderbyland,Test_Target,Scuff,127,0,0,1.2,0.33,0.00145,0.229758,-0.973247,2F198091609FFLAR00P1274L0M1,525,510,
861,"Columbia Hills, Home Plate Area",Enderbyland,Brunt,Rock,128,0,0.27944,1.05424,0.34381,0.337641,-0.053919,-0.939729,2F202353160FFLAS00P1219L0M1,414,534,
901,"Columbia Hills, Home Plate Area",Enderbyland,Brunt_Offset1,Rock,128,0,0.28,1.05,0.31,,,,2F202353160FFLAS00P1219L0M1,412,527,
908,"Columbia Hills, Home Plate Area",Enderbyland,Palmer,Soil,128,0,-0.032,0.785,0.308,0.123027,-0.155035,-0.980219,2F202353160FFLAS00P1219L0M1,539,654,
913,"Columbia Hills, Home Plate Area",Enderbyland,Palmer2,Soil,128,0,-0.092,0.894,0.3012,0.123027,-0.155035,-0.980219,2F202353160FFLAS00P1219L0M1,567,604,
927,"Columbia Hills, Home Plate Area",Enderbyland,Brunt_Offset2,Rock,128,0,0.28,1.08,0.34,,,,2F202353160FFLAS00P1219L0M1,417,526,
942,"Columbia Hills, Home Plate Area",Enderbyland,Brunt_Offset3,Rock,128,0,0.26,1.04,0.31,,,,2F202353160FFLAS00P1219L0M1,419,531,
1007,"Columbia Hills, Home Plate Area",Enderbyland,Clast1,Rock,128,0,-0.05,0.726,0.303,0.273064,-0.194046,-0.942222,2F202353160FFLAS00P1219L0M1,550,690,
1007,"Columbia Hills, Home Plate Area",Enderbyland,Clast3a,Rock,128,0,-0.09,0.685,0.294,0.351968,-0.149987,-0.923917,2F202353160FFLAS00P1219L0M1,578,721,
1007,"Columbia Hills, Home Plate Area",Enderbyland,Clast2,Rock,128,0,-0.036,0.658,0.302,0.226028,-0.001,-0.97412,2F202353160FFLAS00P1219L0M1,543,739,
1008,"Columbia Hills, Home Plate Area",Enderbyland,Clast3b,Rock,128,0,-0.159,0.832,0.291,0.209123,-0.203119,-0.956562,2F202353160FFLAS00P1219L0M1,604,634,
1013,"Columbia Hills, Home Plate Area",Tyrone,Berkner_Island,Scuff,128,7,-0.532,1.315,0.202,-0.119954,-0.047982,-0.991619,2F216029124FFLAS07P1214L0M1,625,602,
1017,"Columbia Hills, Home Plate Area",Enderbyland,Bear_Island,Scuff,128,7,-0.676,1.519,0.196,-0.008001,0.108013,-0.994117,2F216029124FFLAS07P1214L0M1,603,522,
1027,"Columbia Hills, Home Plate Area",Graham_Land,King_George_Island,Rock,128,20,-1.14,1.61,0.031,0.380036,-0.059006,-0.923088,2F217095361FFLAS20P1214L0M1,523,533,
1034,"Columbia Hills, Home Plate Area",Enderbyland,Clarence,Soil,128,20,-0.9848,1.5585,0.0841,-0.263225,-0.084908,-0.960991,2F217095361FFLAS20P1214L0M1,533,601,
1034,"Columbia Hills, Home Plate Area",Enderbyland,Deception,Soil,128,20,-0.7595,1.3538,0.1598,-0.169903,0.038201,-0.98472,2F217095361FFLAS20P1214L0M1,657,796,
1035,"Columbia Hills, Home Plate Area",Graham_Land,King_George_Island_Offset,Rock,128,20,-1.183,1.763,0.042,-0.155032,0.38408,-0.910191,2F217095361FFLAS20P1214L0M1,468,519,
1053,"Columbia Hills, Home Plate Area",Esperanza,Palma,Rock,128,115,-2.85,2.48,-0.099,-0.196061,0.911282,-0.362112,2F219669933FFLASAFP1214L0M1,502,451,
1070,"Columbia Hills, Home Plate Area",Troll,Montalva,Rock,128,188,2.486,4.386,0.161,-0.037001,-0.428008,-0.903017,2F221268565FFLASCGP1214L0M1,474,529,
1080,"Columbia Hills, Home Plate Area",Troll,Montalva_Offset,Rock,128,188,2.362,4.37,0.144,-0.002001,-0.275117,-0.961409,2F221268565FFLASCGP1214L0M1,524,535,
1080,"Columbia Hills, Home Plate Area",Troll,Riquelme3,Rock,128,188,2.318,4.544,0.04,0.200959,-0.825832,-0.526893,2F221268565FFLASCGP1214L0M1,551,471,
1085,"Columbia Hills, Home Plate Area",Troll,Contact,Rock,128,188,2.373,4.413,0.116,-0.005998,-0.394877,-0.918714,2F221268565FFLASCGP1214L0M1,523,516,
1085,"Columbia Hills, Home Plate Area",Troll,Londonderry,Soil,128,188,2.135,4.374,0.099,0.243903,-0.533789,-0.809679,2F221268565FFLASCGP1214L0M1,625,536,
1085,"Columbia Hills, Home Plate Area",Troll,Montalva_Daisy,Rock,128,188,2.359,4.356,0.14,-0.005,-0.268,-0.963,2F221268565FFLASCGP1214L0M1,525,538,
1097,"Columbia Hills, Home Plate Area",Tyrone,Mount_Darwin,Scuff,128,316,-7.442,16.967,0.691,0.29705,0.084014,-0.951159,2F223662780FFLASG0P1214L0M1,502,571,
1101,"Columbia Hills, Home Plate Area",Tyrone,Puenta_Arenas,Rock,128,316,-7.602,17.036,0.714,0.051981,0.004998,-0.998636,2F223662780FFLASG0P1214L0M1,452,655,
1143,"Columbia Hills, Home Plate Area",Torquas,Torquas1,Rock,128,1149,48.579,16.431,-0.79,-0.075995,-0.619958,-0.780947,2F227657740FFLAS4JP1214L0M1,577,483,
1143,"Columbia Hills, Home Plate Area",Torquas,Torquas2,Rock,128,1149,48.67,16.494,-0.847,-0.080979,-0.657827,-0.748803,2F227657740FFLAS4JP1214L0M1,533,443,
1146,"Columbia Hills, Home Plate Area",Torquas,John_Carter,Rock,128,1149,48.877,16.467,-0.774,0,-0.908369,-0.41817,2F227657740FFLAS4JP1214L0M1,438,475,
1155,"Columbia Hills, Home Plate Area",Clara_Zaph,Elizabeth_Mahon,Rock,128,1318,34.124,4.077,0.066,-0.29,0.007,-0.957001,2F228725239FFLAS__P1214L0M1,557,545,
1168,"Columbia Hills, Home Plate Area",Madeline_English,Belles,Rock,129,25,-0.384,-1.573,0.099,-0.351105,0.538161,-0.76623,2F229878358FFLAT25P1201L0M1,533,452,
1171,"Columbia Hills, Home Plate Area",Madeline_English,Peaches,Rock,129,25,-0.049,-1.366,0.083,-0.27103,0.440049,-0.856095,2F229878358FFLAT25P1201L0M1,692,472,
1172,"Columbia Hills, Home Plate Area",Examine_This,Everett,Rock,129,25,-0.6,-1.119,0.225,-0.134967,0.089978,-0.986756,2F229878358FFLAT25P1201L0M1,506,663,
1176,"Columbia Hills, Home Plate Area",Examine_This,Slide,Rock,129,48,-0.574,-0.585,0.22,0.119629,-0.105555,-0.987191,2F230679308FFLAT48P1214L0M1,537,560,
1179,"Columbia Hills, Home Plate Area",Examine_This,Good_Question,Rock,129,48,-0.573,-0.302,0.189,-0.432172,-0.123049,-0.893357,2F230679308FFLAT48P1214L0M1,683,652,
1189,"Columbia Hills, Home Plate Area",Gertrude_Weise,Kenosha_Comets,Scuff,129,135,4.589,5.045,0.307,0.078983,-0.012997,-0.996791,2F231743019FFLATAZP1214L0M1,576,513,
1198,"Columbia Hills, Home Plate Area",Gertrude_Weise,Lefty_Ganote,Scuff,129,140,5.5,5.26,0.28,0.134,0.093,-0.987,2F232540855FFLATB4P1214L0M1,607,547,
1205,"Columbia Hills, Home Plate Area",Fin_Layer,Pesapallo,Rock,129,258,10.916,2.358,0.059,0.211003,-0.415,-0.885013,2F233166068FFLATEEP1214L0M1,495,488,
1207,"Columbia Hills, Home Plate Area",Fin_Layer,Pesapallo1,Rock,129,258,10.916,2.358,0.059,0.211003,-0.415006,-0.885013,2F233166068FFLATEEP1214L0M1,495,488,
1209,"Columbia Hills, Home Plate Area",Fin_Layer,Superpesis,Rock,129,258,10.717,2.357,0.027,0.125963,-0.279919,-0.951724,2F233166068FFLATEEP1214L0M1,552,519,
1211,"Columbia Hills, Home Plate Area",Fin_Layer,June_Emerson,Rock,129,273,8.23,0.06,0.2,0.075,0.103,-0.992,2F233785895FFLATETP1214L0M1,590,575,
1212,"Columbia Hills, Home Plate Area",Fin_Layer,Dorothy_Key,Rock,129,273,8.4319,-0.0684,0.1674,-0.090097,0.129595,-0.987465,2F233785895FFLATETP1214L0M1,512,535,
1212,"Columbia Hills, Home Plate Area",Fin_Layer,Betty_Foss,Rock,129,273,8.3334,-0.0098,0.1797,-0.0164,0.214995,-0.976477,2F233785895FFLATETP1214L0M1,547,553,
1216,"Columbia Hills, Home Plate Area",Silica_Valley,Elizabeth_Emery,Rock,129,283,8.913,0.851,0.196,0.068966,-0.046977,-0.996512,2F234227408FFLATF3P1214L0M1,587,531,
1217,"Columbia Hills, Home Plate Area",Silica_Valley,Jane_Stoll,Rock,129,283,8.935,0.559,0.205,0.076022,-0.153045,-0.985291,2F234227408FFLATF3P1214L0M1,480,560,
1218,"Columbia Hills, Home Plate Area",Silica_Valley,Mildred_Deegan,Rock,129,283,9.078,0.576,0.212,0.025004,-0.033005,-0.999142,2F234227408FFLATF3P1214L0M1,470,523,
1218,"Columbia Hills, Home Plate Area",Silica_Valley,Betty_Wagoner,Rock,129,283,9.241,0.385,0.192,0.249895,-0.07197,-0.965595,2F234227408FFLATF3P1214L0M1,391,500,
1219,"Columbia Hills, Home Plate Area",Silica_Valley,Betty_Wagoner's_Daughter,Rock,129,283,9.184,0.398,0.204,0.093997,0.163995,-0.981973,2F234227408FFLATF3P1214L0M1,399,514,
1225,"Columbia Hills, Home Plate Area",Silica_Valley,Nancy_Warren,Rock,130,0,0.457,1.077,0.188,-0.040009,-0.515113,-0.856188,2F234941045FFLAU00P1214L0M1,515,508,
1230,"Columbia Hills, Home Plate Area",Silica_Valley,Calibration_Soil,Soil,130,0,0.1,0.806,0.247,0.045993,0.012998,-0.998857,2F234941045FFLAU00P1214L0M1,643,666,
1232,"Columbia Hills, Home Plate Area",Silica_Valley,Darlene_Mickelsen,Rock,130,0,0.223,1.117,0.178,-0.032993,-0.415911,-0.908806,2F234941045FFLAU00P1214L0M1,607,520,
1235,"Columbia Hills, Home Plate Area",Silica_Valley,Marguerite_Davis,Soil,130,82,0.86,1.05,0.17,,,,2F236005991FFLAU82P1214L0M1,515,522,Missed placement on Eileen_Dean.
1239,"Columbia Hills, Home Plate Area",Silica_Valley,Eileen_Dean,Scuff,130,129,1.249,0.807,0.226,0.119058,-0.121059,-0.98548,2F236185148FFLAUATP1214L0M1,423,505,
1246,"Columbia Hills, Home Plate Area",Silica_Valley,Eileen_Dean2,Scuff,130,129,1.268,0.787,0.244,0.120011,-0.11501,-0.986088,2F236185148FFLAUATP1214L0M1,414,510,
1251,"Columbia Hills, Home Plate Area",Silica_Valley,Innocent_Bystander,Rock,130,194,-0.137,1.078,0.133,-0.028999,-0.339993,-0.939981,2F237337944FFLAUCMP1214L0M1,495,543,
1277,"Columbia Hills, Home Plate Area",Silica_Valley,Stealing_Second,Soil,130,194,-0.113,0.871,0.21,-0.003999,-0.120957,-0.99265,2F237337944FFLAUCMP1214L0M1,416,610,
1277,"Columbia Hills, Home Plate Area",Silica_Valley,Stealing_Third,Soil,130,194,-0.371,1.337,0.111,-0.077992,0.045995,-0.995892,2F237337944FFLAUCMP1214L0M1,635,534,
1288,"Columbia Hills, Home Plate Area",Silica_Valley,Norma_Luker,Rock,130,194,-0.181,1.09,0.124,-0.004001,-0.354078,-0.935207,2F237337944FFLAUCMP1214L0M1,513,548,
1291,"Columbia Hills, Home Plate Area",Silica_Valley,Norma_Luker2,Rock,130,194,-0.186,1.094,0.12,0.122817,-0.380055,-0.916774,2F237337944FFLAUCMP1214L0M1,516,547,
1325,"Columbia Hills, Home Plate Area",Home_Plate,Texas_Chili,Rock,131,126,-20.67,-13.13,-0.13,0.281103,-0.11004,-0.953348,2F243822120FFLAVAQP1214L0M1,615,585,
1340,"Columbia Hills, Home Plate Area",Home_Plate,Humboldt_Peak,Rock,131,310,-33.87,-14.17,-1.42,0.748,0.359,-0.558,2F245061232FFLAVFUP1214L0M1,548,525,
1360,"Columbia Hills, Home Plate Area",South_Promontory,Pumpkin_Pie,Scuff,132,0,-0.11,-1.2,0.47,0.120162,-0.150203,-0.981326,2F247012198FFLAW00P1214L0M1,458,505,
1368,"Columbia Hills, Home Plate Area",South_Promontory,Pecan_Pie,Rock,132,184,28.127,-19.832,2.696,-0.009995,0.029985,-0.9995,2F247374075FFLAWCCP1214L0M1,502,507,
1409,"Columbia Hills, Home Plate Area",Home_Plate_Rim,Chanute,Rock,133,5,-0.97,-0.176,0.156,-0.070974,-0.197928,-0.977644,2F253225133FFLAX05P1214L0M1,505,573,
1450,"Columbia Hills, Home Plate Area",Home_Plate_Rim,Freeman,Rock,133,16,-0.48,-0.01,0.08,-0.369855,-0.138946,-0.918641,2F254202010FFLAX16P1214L0M1,460,703,
1479,"Columbia Hills, Home Plate Area",Winter_Haven,Wendell_Pruitt,Rock,134,0,-0.85,-0.13,-0.1,-0.076999,-0.133998,-0.987986,2F256513272FFLAY00P1214L0M1,477,650,
1510,"Columbia Hills, Home Plate Area",Winter_Haven,Arthur_C._Harmon,Soil,134,0,-0.78,-0.16,-0.1,-0.140218,-0.130202,-0.981523,2F256513272FFLAY00P1214L0M1,500,673,
1796,"Columbia Hills, Home Plate Area",Winter_Haven,Stapledon,Soil,135,126,3.866,1.796,0.779,-0.16089,-0.468249,-0.867461,2F285542810FFLAZAQP1214L0M1,499,658,
1863,"Columbia Hills, Home Plate Area",West_Valley,John_Wesley_Powell,Soil,136,614,-16.41,-50.333,7.526,-0.052999,-0.228996,-0.971983,2F291581504FFLB0OAP1214L0M1,707,525,
1922,"Columbia Hills, Home Plate Area",Troy,Sackrider,Soil,137,234,-17.342,2.11,-0.491,0.13702,0.315045,-0.939134,2F296464749FFLB1DQP1214L0M1,352,508,
1927,"Columbia Hills, Home Plate Area",Troy,Olive_Tree1,Soil,137,234,-17.363,2.329,-0.54,-0.066998,-0.436985,-0.89697,2F296464749FFLB1DQP1214L0M1,454,545,
1927,"Columbia Hills, Home Plate Area",Troy,Olive_Tree2,Soil,137,234,-17.38,2.32,-0.524,-0.066998,-0.436985,-0.89697,2F296464749FFLB1DQP1214L0M1,443,555,
1927,"Columbia Hills, Home Plate Area",Troy,Olive_Branch1,Soil,137,234,-17.081,2.057,-0.422,0.175028,-0.358058,-0.917148,2F296464749FFLB1DQP1214L0M1,404,462,
1928,"Columbia Hills, Home Plate Area",Troy,Olive_Branch2,Soil,137,234,-17.086,2.066,-0.414,0.161007,-0.352016,-0.922042,2F296464749FFLB1DQP1214L0M1,406,466,
1934,"Columbia Hills, Home Plate Area",Troy,Olive_Branch3,Soil,137,249,-17.092,2.069,-0.426,0.161007,-0.352016,-0.922042,2F297978326FFLB1E5P1214L0M1,406,464,
1935,"Columbia Hills, Home Plate Area",Troy,Olive_Branch4,Soil,137,249,-17.1,2.077,-0.431,0.161007,-0.352016,-0.922042,2F297978326FFLB1E5P1214L0M1,407,466,
1936,"Columbia Hills, Home Plate Area",Troy,Penina1,Soil,137,249,-17.19,2.038,-0.472,0.39208,-0.071014,-0.917186,2F297978326FFLB1E5P1214L0M1,371,464,
1940,"Columbia Hills, Home Plate Area",Troy,Penina2,Soil,137,249,-17.195,2.031,-0.465,0.295132,-0.308138,-0.904405,2F297978326FFLB1E5P1214L0M1,367,466,
1941,"Columbia Hills, Home Plate Area",Troy,Penina3,Soil,137,249,-17.198,2.022,-0.463,0.284925,-0.30192,-0.909759,2F297978326FFLB1E5P1214L0M1,363,466,
1945,"Columbia Hills, Home Plate Area",Troy,Cyclops,Soil,137,249,-17.33,2.438,-0.575,0.092,-0.17,-0.9811,2F297978326FFLB1E5P1214L0M1,522,545,
1945,"Columbia Hills, Home Plate Area",Troy,Cyclops_Eye1,Soil,137,249,-17.33,2.438,-0.575,0.092013,-0.170023,-0.981135,2F297978326FFLB1E5P1214L0M1,522,545,
1946,"Columbia Hills, Home Plate Area",Troy,Cyclops_Eye2,Soil,137,249,-17.327,2.451,-0.567,0.085999,-0.173997,-0.980984,2F297978326FFLB1E5P1214L0M1,528,549,
1947,"Columbia Hills, Home Plate Area",Troy,Cyclops_Eye3,Soil,137,249,-17.322,2.463,-0.57,0.082976,-0.176949,-0.980716,2F297978326FFLB1E5P1214L0M1,536,549,
1967,"Columbia Hills, Home Plate Area",Troy,Olive_Branch5,Soil,137,249,-17.083,2.105,-0.445,-0.012998,-0.65689,-0.753874,2F297978326FFLB1E5P1214L0M1,420,463,
1968,"Columbia Hills, Home Plate Area",Troy,Cyclops_Eye4,Soil,137,249,-17.322,2.463,-0.57,0.082976,-0.176949,-0.980716,2F297978326FFLB1E5P1214L0M1,536,549,
1973,"Columbia Hills, Home Plate Area",Troy,Cyclops_Eye5,Soil,137,249,-17.324,2.464,-0.559,0.096038,-0.172069,-0.980392,2F297978326FFLB1E5P1214L0M1,534,553,
1975,"Columbia Hills, Home Plate Area",Troy,Olive_Branch6,Soil,137,249,-17.075,2.12,-0.47,-0.029987,-0.695708,-0.717699,2F297978326FFLB1E5P1214L0M1,427,456,
1979,"Columbia Hills, Home Plate Area",Troy,Olive_Pit,Soil,137,249,-17.135,2.112,-0.457,0.221086,-0.411161,-0.884346,2F297978326FFLB1E5P1214L0M1,412,470,
1980,"Columbia Hills, Home Plate Area",Troy,Polyphemus_Eye,Soil,137,249,-17.111,2.703,-0.59,0.09396,0.001,-0.995575,2F297978326FFLB1E5P1214L0M1,660,521,
1990,"Columbia Hills, Home Plate Area",Troy,Cyclops_Eye6,Soil,137,249,-17.322,2.463,-0.57,0.082976,-0.176949,-0.980716,2F297978326FFLB1E5P1214L0M1,536,549,
1995,"Columbia Hills, Home Plate Area",Troy,Polyphemus_Eye3,Soil,137,249,-17.111,2.703,-0.59,0.09396,0.001,-0.995575,2F297978326FFLB1E5P1214L0M1,660,521,
1995,"Columbia Hills, Home Plate Area",Troy,Polyphemus_Eye2,Soil,137,249,-17.111,2.703,-0.59,0.09396,0.001,-0.995575,2F297978326FFLB1E5P1214L0M1,660,521,
1997,"Columbia Hills, Home Plate Area",Troy,Olive_Leaf,Soil,137,249,-17.202,2.16,-0.498,-0.25409,-0.163058,-0.953337,2F297978326FFLB1E5P1214L0M1,415,478,
2024,"Columbia Hills, Home Plate Area",Troy,Underbelly_Recon_Point1,Soil,137,249,-17.383,2.584,-0.627,0.15102,-0.136018,-0.979128,2F297978326FFLB1E5P1214L0M1,616,589,
2024,"Columbia Hills, Home Plate Area",Troy,Underbelly_Recon_Point2,Soil,137,249,-17.353,2.655,-0.639,0.15102,-0.136018,-0.979128,2F297978326FFLB1E5P1214L0M1,665,588,
2024,"Columbia Hills, Home Plate Area",Troy,Penina4,Soil,137,249,-17.19,2.038,-0.472,0.303034,-0.313035,-0.9001,2F297978326FFLB1E5P1214L0M1,371,464,
2044,"Columbia Hills, Home Plate Area",Troy,Stratius,Soil,137,249,-17.203,2.422,-0.57,0.36992,-0.192959,-0.908805,2F297978326FFLB1E5P1214L0M1,531,502,
2052,"Columbia Hills, Home Plate Area",Troy,Thoosa,Soil,137,249,-17.254,2.597,-0.591,0.081024,-0.029008,-0.99629,2F297978326FFLB1E5P1214L0M1,614,546,
